IP Address,Port,Code,Country,Anonimity,Google,Last Checked
,,,,,,
103.152.112.120,80,US,United States,anonymous,no,4 secs ago
160.223.163.31,8080,US,United States,elite proxy,yes,4 secs ago
103.152.112.157,80,US,United States,anonymous,no,4 secs ago
137.184.100.135,80,US,United States,elite proxy,no,4 secs ago
44.218.183.55,80,US,United States,elite proxy,yes,4 secs ago
44.195.247.145,80,US,United States,elite proxy,yes,4 secs ago
54.67.125.45,3128,US,United States,elite proxy,yes,4 secs ago
13.56.192.187,80,US,United States,elite proxy,yes,4 secs ago
3.139.242.184,80,US,United States,elite proxy,yes,4 secs ago
3.21.101.158,3128,US,United States,elite proxy,yes,4 secs ago
3.12.144.146,3128,US,United States,elite proxy,yes,4 secs ago
204.236.176.61,3128,US,United States,elite proxy,yes,4 secs ago
3.212.148.199,3128,US,United States,elite proxy,yes,4 secs ago
54.152.3.36,80,US,United States,elite proxy,yes,4 secs ago
148.72.165.7,10501,US,United States,anonymous,yes,4 secs ago
3.90.100.12,80,US,United States,elite proxy,yes,4 secs ago
50.169.222.243,80,US,United States,anonymous,no,4 secs ago
50.168.72.115,80,US,United States,anonymous,no,4 secs ago
50.168.72.116,80,US,United States,anonymous,no,4 secs ago
47.88.59.79,82,US,United States,anonymous,no,4 secs ago
50.169.222.241,80,US,United States,anonymous,no,4 secs ago
143.198.226.25,80,US,United States,elite proxy,no,4 secs ago
204.236.137.68,80,US,United States,elite proxy,yes,4 secs ago
52.73.224.54,3128,US,United States,elite proxy,yes,4 secs ago
44.219.175.186,80,US,United States,elite proxy,yes,4 secs ago
63.143.57.115,80,US,United States,anonymous,no,4 secs ago
216.229.112.25,8080,US,United States,elite proxy,yes,4 secs ago
66.29.154.105,3128,US,United States,anonymous,no,4 secs ago
23.247.137.142,80,US,United States,anonymous,no,4 secs ago
50.217.226.41,80,US,United States,anonymous,no,4 secs ago
172.191.74.198,8080,US,United States,anonymous,no,4 secs ago
50.207.199.86,80,US,United States,anonymous,no,4 secs ago
50.217.226.44,80,US,United States,anonymous,no,4 secs ago
68.185.57.66,80,US,United States,anonymous,no,4 secs ago
50.231.104.58,80,US,United States,anonymous,no,4 secs ago
50.174.7.156,80,US,United States,anonymous,no,4 secs ago
50.207.199.81,80,US,United States,anonymous,no,4 secs ago
73.117.183.115,80,US,United States,elite proxy,no,25 secs ago
167.99.124.118,80,US,United States,anonymous,no,25 secs ago
143.110.232.177,80,US,United States,elite proxy,no,25 secs ago
138.68.60.8,8080,US,United States,anonymous,no,11 mins ago
34.23.45.223,80,US,United States,elite proxy,no,11 mins ago
184.169.154.119,80,US,United States,elite proxy,yes,11 mins ago
40.71.46.210,8214,US,United States,elite proxy,yes,11 mins ago
148.72.168.81,30127,US,United States,elite proxy,yes,11 mins ago
198.12.85.213,80,US,United States,anonymous,no,11 mins ago
198.49.68.80,80,US,United States,elite proxy,no,11 mins ago
198.199.86.11,8080,US,United States,anonymous,no,11 mins ago
199.195.253.14,1080,US,United States,elite proxy,yes,11 mins ago
66.29.154.103,3128,US,United States,anonymous,no,11 mins ago
159.65.166.126,8118,US,United States,transparent,no,12 mins ago
47.252.29.28,11222,US,United States,elite proxy,yes,20 mins ago
137.66.47.158,80,US,United States,elite proxy,no,21 mins ago
47.88.85.102,443,US,United States,anonymous,no,21 mins ago
63.143.57.119,80,US,United States,anonymous,no,21 mins ago
23.82.137.161,80,US,United States,anonymous,no,21 mins ago
93.93.246.209,8080,US,United States,anonymous,no,21 mins ago
93.93.246.215,8080,US,United States,anonymous,no,21 mins ago
162.223.90.130,80,US,United States,elite proxy,no,21 mins ago
47.90.205.231,33333,US,United States,anonymous,no,21 mins ago
34.122.187.196,80,US,United States,elite proxy,no,31 mins ago
5.161.103.41,88,US,United States,elite proxy,no,31 mins ago
172.232.180.108,80,US,United States,anonymous,no,31 mins ago
155.33.231.171,80,US,United States,anonymous,no,31 mins ago
129.10.76.179,80,US,United States,anonymous,no,31 mins ago
89.116.191.51,80,US,United States,elite proxy,no,31 mins ago
147.182.180.242,80,US,United States,elite proxy,no,31 mins ago
165.232.129.150,80,US,United States,anonymous,no,40 mins ago
23.82.137.162,80,US,United States,anonymous,no,40 mins ago
23.82.137.158,80,US,United States,anonymous,no,40 mins ago
198.74.51.79,8888,US,United States,anonymous,no,40 mins ago
43.153.75.22,80,US,United States,anonymous,no,40 mins ago
24.172.34.114,49920,US,United States,elite proxy,no,41 mins ago
89.117.130.19,80,US,United States,elite proxy,no,50 mins ago
35.209.198.222,80,US,United States,elite proxy,no,50 mins ago
148.72.169.225,30127,US,United States,elite proxy,no,50 mins ago
159.65.221.25,80,US,United States,anonymous,no,50 mins ago
192.73.244.36,80,US,United States,elite proxy,no,50 mins ago
47.251.43.115,33333,US,United States,anonymous,yes,50 mins ago
93.93.246.218,8080,US,United States,anonymous,no,51 mins ago
159.89.239.166,18105,US,United States,transparent,no,51 mins ago
96.10.203.8,80,US,United States,elite proxy,no,51 mins ago
209.97.150.167,3128,US,United States,anonymous,no,51 mins ago
23.82.137.156,80,US,United States,anonymous,no,1 hour 30 mins ago
144.126.216.57,80,US,United States,anonymous,no,1 hour 40 mins ago
38.53.174.57,61789,US,United States,transparent,no,1 hour 42 mins ago
148.153.39.174,9089,US,United States,transparent,no,1 hour 42 mins ago
154.201.74.228,8080,US,United States,elite proxy,yes,1 hour 51 mins ago
104.207.46.7,3128,US,United States,transparent,no,1 hour 55 mins ago
156.228.104.180,3128,US,United States,transparent,no,1 hour 55 mins ago
156.228.106.217,3128,US,United States,transparent,no,1 hour 55 mins ago
156.228.100.90,3128,US,United States,transparent,no,1 hour 55 mins ago
156.228.84.144,3128,US,United States,transparent,no,1 hour 55 mins ago
156.228.102.35,3128,US,United States,transparent,no,1 hour 55 mins ago
104.207.59.10,3128,US,United States,transparent,no,1 hour 55 mins ago
198.46.241.102,6637,US,United States,transparent,no,1 hour 55 mins ago
156.228.88.165,3128,US,United States,transparent,no,1 hour 55 mins ago
156.228.97.16,3128,US,United States,transparent,no,1 hour 55 mins ago
156.228.80.4,3128,US,United States,transparent,no,1 hour 55 mins ago
156.228.125.88,3128,US,United States,transparent,no,1 hour 55 mins ago
156.228.117.195,3128,US,United States,transparent,no,1 hour 55 mins ago
104.207.32.25,3128,US,United States,transparent,no,1 hour 55 mins ago
156.228.109.158,3128,US,United States,transparent,no,1 hour 55 mins ago
104.207.45.135,3128,US,United States,transparent,no,1 hour 55 mins ago
104.207.46.147,3128,US,United States,transparent,no,1 hour 55 mins ago
31.57.87.107,5792,US,United States,transparent,no,1 hour 55 mins ago
156.228.113.11,3128,US,United States,transparent,no,1 hour 55 mins ago
104.207.57.238,3128,US,United States,transparent,no,1 hour 55 mins ago
104.207.34.201,3128,US,United States,transparent,no,1 hour 55 mins ago
104.207.35.39,3128,US,United States,transparent,no,1 hour 55 mins ago
198.23.239.207,6613,US,United States,transparent,no,1 hour 55 mins ago
104.207.33.162,3128,US,United States,transparent,no,1 hour 55 mins ago
156.228.97.144,3128,US,United States,transparent,no,1 hour 55 mins ago
156.228.87.52,3128,US,United States,transparent,no,1 hour 55 mins ago
104.207.39.107,3128,US,United States,transparent,no,1 hour 55 mins ago
156.228.89.7,3128,US,United States,transparent,no,1 hour 55 mins ago
156.228.88.43,3128,US,United States,transparent,no,1 hour 55 mins ago
156.228.86.149,3128,US,United States,transparent,no,1 hour 55 mins ago
104.207.62.84,3128,US,United States,transparent,no,1 hour 55 mins ago
156.228.77.201,3128,US,United States,transparent,no,1 hour 55 mins ago
156.228.99.171,3128,US,United States,transparent,no,1 hour 55 mins ago
156.228.98.255,3128,US,United States,transparent,no,1 hour 55 mins ago
156.228.80.26,3128,US,United States,transparent,no,1 hour 55 mins ago
156.228.102.222,3128,US,United States,transparent,no,1 hour 55 mins ago
156.228.85.51,3128,US,United States,transparent,no,1 hour 55 mins ago
156.228.108.236,3128,US,United States,transparent,no,1 hour 55 mins ago
156.228.106.138,3128,US,United States,transparent,no,1 hour 55 mins ago
156.228.114.130,3128,US,United States,transparent,no,1 hour 55 mins ago
104.207.59.125,3128,US,United States,transparent,no,1 hour 55 mins ago
31.58.29.157,6123,US,United States,transparent,no,1 hour 55 mins ago
156.228.110.76,3128,US,United States,transparent,no,1 hour 55 mins ago
156.228.117.200,3128,US,United States,transparent,no,1 hour 55 mins ago
104.207.33.154,3128,US,United States,transparent,no,1 hour 55 mins ago
104.207.45.51,3128,US,United States,transparent,no,1 hour 55 mins ago
104.207.37.33,3128,US,United States,transparent,no,1 hour 55 mins ago
104.207.32.209,3128,US,United States,transparent,no,1 hour 55 mins ago
104.207.46.95,3128,US,United States,transparent,no,1 hour 55 mins ago
191.101.11.8,6406,US,United States,transparent,no,1 hour 55 mins ago
156.228.107.205,3128,US,United States,transparent,no,1 hour 55 mins ago
156.228.84.149,3128,US,United States,transparent,no,1 hour 55 mins ago
156.228.110.146,3128,US,United States,transparent,no,1 hour 55 mins ago
104.207.44.192,3128,US,United States,transparent,no,1 hour 55 mins ago
156.228.112.236,3128,US,United States,transparent,no,1 hour 55 mins ago
156.228.125.27,3128,US,United States,transparent,no,1 hour 55 mins ago
38.170.169.7,5248,US,United States,transparent,no,1 hour 55 mins ago
154.16.146.48,80,US,United States,transparent,no,1 hour 55 mins ago
156.228.80.149,3128,US,United States,transparent,no,1 hour 55 mins ago
156.228.97.49,3128,US,United States,transparent,no,1 hour 55 mins ago
104.207.33.170,3128,US,United States,transparent,no,1 hour 55 mins ago
156.228.102.17,3128,US,United States,transparent,no,1 hour 55 mins ago
156.228.111.61,3128,US,United States,transparent,no,1 hour 55 mins ago
156.228.103.231,3128,US,United States,transparent,no,1 hour 55 mins ago
156.228.97.244,3128,US,United States,transparent,no,1 hour 55 mins ago
156.228.85.110,3128,US,United States,transparent,no,1 hour 55 mins ago
156.228.82.218,3128,US,United States,transparent,no,1 hour 55 mins ago
104.207.50.128,3128,US,United States,transparent,no,1 hour 55 mins ago
156.228.80.118,3128,US,United States,transparent,no,1 hour 55 mins ago
156.228.91.155,3128,US,United States,transparent,no,1 hour 55 mins ago
156.228.93.199,3128,US,United States,transparent,no,1 hour 55 mins ago
104.207.56.227,3128,US,United States,transparent,no,1 hour 55 mins ago
104.207.45.92,3128,US,United States,transparent,no,1 hour 55 mins ago
156.228.114.141,3128,US,United States,transparent,no,1 hour 55 mins ago
104.207.45.42,3128,US,United States,transparent,no,1 hour 55 mins ago
104.207.46.45,3128,US,United States,transparent,no,1 hour 55 mins ago
154.94.14.88,3128,US,United States,transparent,no,1 hour 55 mins ago
156.228.92.227,3128,US,United States,transparent,no,1 hour 55 mins ago
156.228.116.182,3128,US,United States,transparent,no,1 hour 55 mins ago
104.207.51.127,3128,US,United States,transparent,no,1 hour 55 mins ago
104.207.36.186,3128,US,United States,transparent,no,1 hour 55 mins ago
191.101.11.152,6550,US,United States,transparent,no,1 hour 55 mins ago
104.207.48.45,3128,US,United States,transparent,no,1 hour 55 mins ago
156.228.79.117,3128,US,United States,transparent,no,1 hour 55 mins ago
156.228.102.86,3128,US,United States,transparent,no,1 hour 55 mins ago
104.207.47.45,3128,US,United States,transparent,no,1 hour 55 mins ago
104.207.57.12,3128,US,United States,transparent,no,1 hour 55 mins ago
156.228.103.119,3128,US,United States,transparent,no,1 hour 55 mins ago
104.207.41.124,3128,US,United States,transparent,no,1 hour 55 mins ago
104.207.61.208,3128,US,United States,transparent,no,1 hour 55 mins ago
104.207.57.171,3128,US,United States,transparent,no,1 hour 55 mins ago
156.228.97.234,3128,US,United States,transparent,no,1 hour 55 mins ago
156.228.93.151,3128,US,United States,transparent,no,1 hour 55 mins ago
104.207.42.24,3128,US,United States,transparent,no,1 hour 55 mins ago
156.228.94.167,3128,US,United States,transparent,no,1 hour 55 mins ago
156.228.78.179,3128,US,United States,transparent,no,1 hour 55 mins ago
156.228.78.16,3128,US,United States,transparent,no,1 hour 55 mins ago
154.214.1.140,3128,US,United States,transparent,no,1 hour 55 mins ago
104.207.61.6,3128,US,United States,transparent,no,1 hour 55 mins ago
104.207.45.199,3128,US,United States,transparent,no,1 hour 55 mins ago
156.228.93.222,3128,US,United States,transparent,no,1 hour 55 mins ago
156.228.116.36,3128,US,United States,transparent,no,1 hour 55 mins ago
156.228.112.108,3128,US,United States,transparent,no,1 hour 55 mins ago
156.228.103.248,3128,US,United States,transparent,no,1 hour 55 mins ago
156.228.95.81,3128,US,United States,transparent,no,1 hour 55 mins ago
156.228.103.203,3128,US,United States,transparent,no,1 hour 55 mins ago
104.207.52.1,3128,US,United States,transparent,no,1 hour 55 mins ago
104.207.35.149,3128,US,United States,transparent,no,1 hour 55 mins ago
104.207.34.243,3128,US,United States,transparent,no,1 hour 55 mins ago
104.207.40.206,3128,US,United States,transparent,no,1 hour 55 mins ago
156.228.103.204,3128,US,United States,transparent,no,1 hour 55 mins ago
69.12.93.224,6244,US,United States,transparent,no,1 hour 55 mins ago
